account_id,company,contact_name,contact_email,plan,seats,started_on
C-1001,Northgate Labs,Priya Raghunathan,priya.raghunathan@northgate-labs.example,standard,4,2023-04-11
C-1002,Harrowfield Media,Tom Aldridge,tom.aldridge@harrowfield-media.example,standard,6,2023-06-02
C-1003,Bellweather Freight,Ines Calderon,ines.calderon@bellweather-freight.example,plus,12,2023-07-19
C-1004,Quarrylane Studios,Marcus Oyelaran,marcus.oyelaran@quarrylane-studios.example,standard,3,2023-09-05
C-1005,Pallister and Voss,Hannah Pallister,hannah.pallister@pallister-voss.example,plus,25,2023-10-23
C-1006,Cadwell Analytics,Ruth Ekwueme,ruth.ekwueme@cadwell-analytics.example,enterprise,8,2023-11-14
C-1007,Fernhill Dental Group,Owen Brackley,owen.brackley@fernhill-dental-group.example,standard,15,2024-01-08
C-1008,Stonecrop Nurseries,Meredith Vane,meredith.vane@stonecrop-nurseries.example,standard,5,2024-02-26
C-1009,Ardenmoor Housing,Callum Sheridan,callum.sheridan@ardenmoor-housing.example,plus,40,2024-03-12
C-1010,Lindenwood Legal,Freya Lindqvist,freya.lindqvist@lindenwood-legal.example,standard,9,2024-04-30
C-1011,Kestrel Marine,Nadia Bouchard,nadia.bouchard@kestrel-marine.example,plus,7,2024-05-21
C-1012,Ravensbourne Tiling,Gavin Threlfall,gavin.threlfall@ravensbourne-tiling.example,enterprise,18,2024-06-17
C-1013,Coldstream Bakery,Sofia Marchetti,sofia.marchetti@coldstream-bakery.example,standard,22,2024-08-06
C-1014,Wildfen Outdoors,Declan Rooney,declan.rooney@wildfen-outdoors.example,standard,11,2024-09-24
C-1015,Marlowe Optics,Yusuf Demirci,yusuf.demirci@marlowe-optics.example,plus,30,2024-10-15
C-1016,Thornbury Vets,Elspeth Cardew,elspeth.cardew@thornbury-vets.example,standard,4,2024-11-11
C-1017,Saltmarsh Brewing,Ivan Petrenko,ivan.petrenko@saltmarsh-brewing.example,plus,6,2025-01-20
C-1018,Greywater Civils,Beatrice Okonjo,beatrice.okonjo@greywater-civils.example,enterprise,12,2025-02-13
C-1019,Ilfracombe Tours,Rory Penhaligon,rory.penhaligon@ilfracombe-tours.example,standard,3,2025-03-31
C-1020,Duskwood Games,Anouk Verbeek,anouk.verbeek@duskwood-games.example,standard,25,2025-05-19
C-1021,Peregrine Insurance,Malik Sarwar,malik.sarwar@peregrine-insurance.example,plus,8,2023-04-11
C-1022,Ashcombe Foods,Lena Hjalmarsson,lena.hjalmarsson@ashcombe-foods.example,standard,15,2023-06-02
C-1023,Yardley Print,Colin Fettes,colin.fettes@yardley-print.example,plus,5,2023-07-19
C-1024,Brightmoor Clinics,Sinead Callaghan,sinead.callaghan@brightmoor-clinics.example,enterprise,40,2023-09-05
C-1025,Rookhurst Estates,Tobias Wendell,tobias.wendell@rookhurst-estates.example,standard,9,2023-10-23
C-1026,Cinderfell Ceramics,Junko Watanabe,junko.watanabe@cinderfell-ceramics.example,standard,7,2023-11-14
C-1027,Halvard Shipping,Erik Halvardsen,erik.halvardsen@halvard-shipping.example,plus,18,2024-01-08
C-1028,Pinewick Schools Trust,Grace Ademola,grace.ademola@pinewick-schools-trust.example,standard,22,2024-02-26
C-1029,Tallowgate Chemicals,Dmitri Sokolov,dmitri.sokolov@tallowgate-chemicals.example,plus,11,2024-03-12
C-1030,Wren and Pemberton,Alice Pemberton,alice.pemberton@wren-pemberton.example,enterprise,30,2024-04-30
C-1031,Fallowfield Farms,Hamish Urquhart,hamish.urquhart@fallowfield-farms.example,standard,4,2024-05-21
C-1032,Nettlebed Hotels,Carla Restrepo,carla.restrepo@nettlebed-hotels.example,standard,6,2024-06-17
C-1033,Vantablack Signage,Peter Ngoma,peter.ngoma@vantablack-signage.example,plus,12,2024-08-06
C-1034,Ostlerhaus Fittings,Greta Ostler,greta.ostler@ostlerhaus-fittings.example,standard,3,2024-09-24
C-1035,Silverthorn Security,Anya Kowalczyk,anya.kowalczyk@silverthorn-security.example,plus,25,2024-10-15
C-1036,Clarion Bell Audio,Mariam Toure,mariam.toure@clarion-bell-audio.example,enterprise,8,2024-11-11
C-1037,Beckhampton Cycles,Josh Winterbourne,josh.winterbourne@beckhampton-cycles.example,standard,15,2025-01-20
C-1038,Umberslade Timber,Ben Kirtland,ben.kirtland@umberslade-timber.example,standard,5,2025-02-13
C-1039,Torridon Energy,Fiona MacAllister,fiona.macallister@torridon-energy.example,plus,40,2025-03-31
C-1040,Grimsdyke Haulage,Wesley Ampofo,wesley.ampofo@grimsdyke-haulage.example,standard,9,2025-05-19
C-1041,Larkspur Textiles,Noor Haddad,noor.haddad@larkspur-textiles.example,plus,7,2023-04-11
C-1042,Penfold Aerospace,Alistair Penfold,alistair.penfold@penfold-aerospace.example,enterprise,18,2023-06-02
C-1043,Merrow Bay Fisheries,Kirsty Trelawney,kirsty.trelawney@merrow-bay-fisheries.example,standard,22,2023-07-19
C-1044,Oakhanger Robotics,Vikram Chandrasekar,vikram.chandrasekar@oakhanger-robotics.example,standard,11,2023-09-05
C-1045,Thistlewood Care,Bronwen Pryce,bronwen.pryce@thistlewood-care.example,plus,30,2023-10-23
C-1046,Calder Vale Mills,Joanna Whitcombe,joanna.whitcombe@calder-vale-mills.example,standard,4,2023-11-14
C-1047,Blackwater Surveys,Emeka Nwosu,emeka.nwosu@blackwater-surveys.example,plus,6,2024-01-08
C-1048,Highbridge Couriers,Danny Fairhurst,danny.fairhurst@highbridge-couriers.example,enterprise,12,2024-02-26
C-1049,Sable Ridge Wines,Marta Nowicka,marta.nowicka@sable-ridge-wines.example,standard,3,2024-03-12
C-1050,Windlesham Joinery,Terence Ashby,terence.ashby@windlesham-joinery.example,standard,25,2024-04-30
C-1051,Copperfield Tooling,Ilse van Dijk,ilse.vandijk@copperfield-tooling.example,plus,8,2024-05-21
C-1052,Ravenmoor Publishing,Cassandra Belisle,cassandra.belisle@ravenmoor-publishing.example,standard,15,2024-06-17
C-1053,Trentmouth Ports,Femi Adeyemi,femi.adeyemi@trentmouth-ports.example,plus,5,2024-08-06
C-1054,Applecross Dairy,Isla Frobisher,isla.frobisher@applecross-dairy.example,enterprise,40,2024-09-24
C-1055,Kingsdown Roofing,Barry Culshaw,barry.culshaw@kingsdown-roofing.example,standard,9,2024-10-15
C-1056,Netherby Fabrication,Zsofia Balogh,zsofia.balogh@netherby-fabrication.example,standard,7,2024-11-11
C-1057,Whitlock Instruments,Nathan Whitlock,nathan.whitlock@whitlock-instruments.example,plus,18,2025-01-20
C-1058,Sedgebrook Rail,Aleksandra Zielinska,aleksandra.zielinska@sedgebrook-rail.example,standard,22,2025-02-13
C-1059,Pentreath Minerals,Gwen Trevaskis,gwen.trevaskis@pentreath-minerals.example,plus,11,2025-03-31
C-1060,Fenwick Rowe,Simon Fenwick,simon.fenwick@fenwick-rowe.example,enterprise,30,2025-05-19
